mkt_rf_sharpe,smb_sharpe,hml_sharpe,mom_sharpe,QMJ_sharpe
-0.007678768325076009,0.0004493867023014887,0.02647112884491618,0.017260152899946198,0.047897532844115194
0.15075997120432075,0.009346481349026015,0.012992667090637622,0.05298479120217975,-0.004840318445304441
-0.0205833591362277,-0.027940963582284085,-0.03588267990480434,-0.02336746971005772,0.07360830920854843
