,mkt_rf_mean,mkt_rf_std,mkt_rf_sharpe,mkt_rf_count,smb_mean,smb_std,smb_sharpe,smb_count,hml_mean,hml_std,hml_sharpe,hml_count,mom_mean,mom_std,mom_sharpe,mom_count,QMJ_mean,QMJ_std,QMJ_sharpe,QMJ_count
0,-9.139456820262556e-05,0.011902243215772653,-0.007678768325076009,3277,2.8379615501982127e-06,0.006315188090043264,0.0004493867023014887,3277,0.00020631675312786043,0.007794029273801971,0.02647112884491618,3277,0.00018339945071711925,0.01062559826556872,0.017260152899946198,3277,0.00028032781507651347,0.005852656669997049,0.047897532844115194,3277
1,0.0008875783608079855,0.005887360906994833,0.15075997120432075,4307,4.8641745994892335e-05,0.005204284283941923,0.009346481349026015,4307,6.482470397028066e-05,0.00498933002116192,0.012992667090637622,4307,0.00032595774320872897,0.006151911441246179,0.05298479120217975,4307,-2.0149527741775895e-05,0.004162851673803166,-0.004840318445304441,4307
2,-0.0005618155619596554,0.027294648956050747,-0.0205833591362277,694,-0.0002845821325648405,0.01018512234650631,-0.027940963582284085,694,-0.0004910662824207488,0.013685329070279383,-0.03588267990480434,694,-0.00044337175792507466,0.018973888205544166,-0.02336746971005772,694,0.0007966284124453062,0.01082253377384724,0.07360830920854843,694
